{
  "BACK_END\\src\\app.ts": 1777207774.777704,
  "BACK_END\\src\\index.ts": 1777207774.7962234,
  "BACK_END\\src\\config\\data-source.ts": 1777207774.7845662,
  "BACK_END\\src\\config\\multer.config.ts": 1777207774.7845662,
  "BACK_END\\src\\controllers\\admin.controller.ts": 1777207774.7860746,
  "BACK_END\\src\\controllers\\auth.controller.ts": 1777207774.7860746,
  "BACK_END\\src\\controllers\\cart.controller.ts": 1777207774.7860746,
  "BACK_END\\src\\controllers\\order.controller.ts": 1777207774.7860746,
  "BACK_END\\src\\controllers\\product.controller.ts": 1777207774.7860746,
  "BACK_END\\src\\controllers\\profile.controller.ts": 1777207774.7860746,
  "BACK_END\\src\\entities\\CartItem.ts": 1777207774.7860746,
  "BACK_END\\src\\entities\\Category.ts": 1777207774.7911544,
  "BACK_END\\src\\entities\\Order.ts": 1777207774.7911544,
  "BACK_END\\src\\entities\\OrderItem.ts": 1777207774.7911544,
  "BACK_END\\src\\entities\\Product.ts": 1777207774.7911544,
  "BACK_END\\src\\entities\\ProductType.ts": 1777207774.7911544,
  "BACK_END\\src\\entities\\ResetCode.ts": 1777207774.794216,
  "BACK_END\\src\\entities\\SubCategory.ts": 1777207774.794216,
  "BACK_END\\src\\entities\\User.ts": 1777207774.794216,
  "BACK_END\\src\\middleware\\auth.middleware.ts": 1777207774.7981741,
  "BACK_END\\src\\middleware\\rbac.middleware.ts": 1777207774.7981741,
  "BACK_END\\src\\middleware\\sessionStore.ts": 1777207774.7981741,
  "BACK_END\\src\\migrations\\1775463006890-Name.ts": 1777207774.7981741,
  "BACK_END\\src\\routes\\admin.routes.ts": 1777207774.7981741,
  "BACK_END\\src\\routes\\auth.routes.ts": 1777207774.8023462,
  "BACK_END\\src\\routes\\cart.routes.ts": 1777207774.8023462,
  "BACK_END\\src\\routes\\order.routes.ts": 1777207774.8023462,
  "BACK_END\\src\\routes\\product.routes.ts": 1777207774.8023462,
  "BACK_END\\src\\routes\\profile.routes.ts": 1777207774.8023462,
  "BACK_END\\src\\scripts\\exportSchema.ts": 1777207774.8023462,
  "BACK_END\\src\\seeds\\adminSeed.ts": 1777207774.8023462,
  "BACK_END\\src\\seeds\\productSeed.ts": 1777207774.8023462,
  "BACK_END\\src\\seeds\\seed.ts": 1777207774.810575,
  "BACK_END\\src\\seeds\\taxonomySeed.ts": 1777207774.810575,
  "BACK_END\\src\\services\\admin.service.ts": 1777207774.812927,
  "BACK_END\\src\\services\\auth.service.ts": 1777207774.812927,
  "BACK_END\\src\\services\\cart.service.ts": 1777207774.8147688,
  "BACK_END\\src\\services\\order.service.ts": 1777207774.8147688,
  "BACK_END\\src\\services\\product.service.ts": 1777207774.8147688,
  "BACK_END\\src\\services\\profile.service.ts": 1777207774.8147688,
  "BACK_END\\src\\utils\\imageUrl.ts": 1777207774.8186543,
  "BACK_END\\src\\utils\\ApiError\\ApiError.ts": 1777207774.8186543,
  "BACK_END\\src\\utils\\Validations\\auth.validation.ts": 1777207774.8186543,
  "FRONT_END\\frontend\\src\\main.ts": 1777207774.9219725,
  "FRONT_END\\frontend\\src\\app\\app-routing.module.ts": 1777207774.8582335,
  "FRONT_END\\frontend\\src\\app\\app.config.ts": 1777207774.8582335,
  "FRONT_END\\frontend\\src\\app\\app.module.ts": 1777207774.8582335,
  "FRONT_END\\frontend\\src\\app\\app.routes.ts": 1777207774.8582335,
  "FRONT_END\\frontend\\src\\app\\app.ts": 1777207774.8582335,
  "FRONT_END\\frontend\\src\\app\\admin\\admin-module.ts": 1777207774.8365226,
  "FRONT_END\\frontend\\src\\app\\admin\\admin-routing-module.ts": 1777207774.8365226,
  "FRONT_END\\frontend\\src\\app\\admin\\components\\admin-customer\\admin-customer.component.ts": 1777207774.8427496,
  "FRONT_END\\frontend\\src\\app\\admin\\components\\admin-dashboard\\admin-dashboard.component.ts": 1777207774.8480787,
  "FRONT_END\\frontend\\src\\app\\admin\\components\\admin-order\\admin-order.component.ts": 1777207774.8508818,
  "FRONT_END\\frontend\\src\\app\\admin\\components\\admin-order-detail\\admin-order-detail.component.ts": 1777207774.8508818,
  "FRONT_END\\frontend\\src\\app\\admin\\components\\admin-product-form\\admin-product-form.component.ts": 1777207774.8582335,
  "FRONT_END\\frontend\\src\\app\\admin\\components\\admin-products\\admin-products.component.ts": 1777207774.8582335,
  "FRONT_END\\frontend\\src\\app\\core\\guards\\admin-guard.ts": 1777207774.8582335,
  "FRONT_END\\frontend\\src\\app\\core\\guards\\auth-guard.ts": 1777207774.8582335,
  "FRONT_END\\frontend\\src\\app\\core\\guards\\guest-guard.ts": 1777207774.8582335,
  "FRONT_END\\frontend\\src\\app\\core\\services\\admin.service.ts": 1777207774.8582335,
  "FRONT_END\\frontend\\src\\app\\core\\services\\auth.service.ts": 1777207774.8582335,
  "FRONT_END\\frontend\\src\\app\\core\\services\\cart.service.ts": 1777207774.8582335,
  "FRONT_END\\frontend\\src\\app\\core\\services\\order.service.ts": 1777207774.8582335,
  "FRONT_END\\frontend\\src\\app\\core\\services\\product.service.ts": 1777207774.8582335,
  "FRONT_END\\frontend\\src\\app\\features\\auth\\auth-module.ts": 1777207774.8736851,
  "FRONT_END\\frontend\\src\\app\\features\\auth\\auth-routing-module.ts": 1777207774.8744826,
  "FRONT_END\\frontend\\src\\app\\features\\auth\\login\\login.component.ts": 1777207774.8744826,
  "FRONT_END\\frontend\\src\\app\\features\\auth\\register\\register.component.ts": 1777207774.8817112,
  "FRONT_END\\frontend\\src\\app\\features\\cart\\cart-module.ts": 1777207774.8817112,
  "FRONT_END\\frontend\\src\\app\\features\\cart\\cart-routing-module.ts": 1777207774.884788,
  "FRONT_END\\frontend\\src\\app\\features\\cart\\cart-page\\cart-page.component.ts": 1777207774.884788,
  "FRONT_END\\frontend\\src\\app\\features\\cart\\checkout\\checkout.component.ts": 1777207774.884788,
  "FRONT_END\\frontend\\src\\app\\features\\cart\\order-confirmation\\order-confirmation.component.ts": 1777207774.8897543,
  "FRONT_END\\frontend\\src\\app\\features\\orders\\orders-module.ts": 1777207774.8897543,
  "FRONT_END\\frontend\\src\\app\\features\\orders\\orders-routing-module.ts": 1777207774.8897543,
  "FRONT_END\\frontend\\src\\app\\features\\orders\\order-detail\\order-detail.component.ts": 1777207774.8897543,
  "FRONT_END\\frontend\\src\\app\\features\\orders\\order-list\\order-list.component.ts": 1777207774.8897543,
  "FRONT_END\\frontend\\src\\app\\features\\products\\products-module.ts": 1777207774.9078603,
  "FRONT_END\\frontend\\src\\app\\features\\products\\products-routing-module.ts": 1777207774.9078603,
  "FRONT_END\\frontend\\src\\app\\features\\products\\home\\home.component.ts": 1777207774.8979468,
  "FRONT_END\\frontend\\src\\app\\features\\products\\product-detail\\product-detail.component.ts": 1777207774.8979468,
  "FRONT_END\\frontend\\src\\app\\features\\products\\product-list\\product-list.component.ts": 1777207774.9062362,
  "FRONT_END\\frontend\\src\\app\\features\\profile\\profile-module.ts": 1777207774.9078603,
  "FRONT_END\\frontend\\src\\app\\features\\profile\\profile-routing-module.ts": 1777207774.90987,
  "FRONT_END\\frontend\\src\\app\\features\\profile\\profile-page\\profile-page.component.ts": 1777207774.90987,
  "FRONT_END\\frontend\\src\\app\\shared\\Interface.ts": 1777207774.90987,
  "FRONT_END\\frontend\\src\\app\\shared\\components\\navbar\\navbar.component.ts": 1777207774.90987,
  "FRONT_END\\frontend\\src\\app\\shared\\components\\product-card\\product-card.component.ts": 1777207774.9219725,
  "FRONT_END\\frontend\\src\\app\\shared\\Pipes\\filter-active.pipe.ts": 1777207774.90987,
  "FRONT_END\\frontend\\src\\app\\shared\\Pipes\\filter-locked.pipe.ts": 1777207774.90987,
  "FRONT_END\\frontend\\src\\environments\\environment.prod.ts": 1777207774.9219725,
  "FRONT_END\\frontend\\src\\environments\\environment.ts": 1777207774.9219725,
  "ecommerce_project_requirements.html": 1777207774.9376342,
  "README.md": 1777207774.9376342,
  "FRONT_END\\ecommerce_project_requirements.html": 1777207774.8245335,
  "FRONT_END\\note.txt": 1777207774.9219725,
  "FRONT_END\\frontend\\README.md": 1777207774.8305683,
  "FRONT_END\\frontend\\src\\index.html": 1777207774.9219725,